item,category,price,calories,protein,carbs,fiber,fat,sodium,vitamin_a_dv,vitamin_c_dv,calcium_dv,iron_dv
Egg McMuffin,Breakfast,4.79,300,17,31,4,13.0,750,10,0,25,15
Sausage McMuffin,Breakfast,2.79,370,14,29,4,23.0,780,8,0,25,10
Hotcakes,Breakfast,4.19,350,8,60,3,9.0,590,0,0,15,15
Hash Brown,Breakfast,2.19,150,1,15,2,9.0,310,0,2,0,2
Fruit & Maple Oatmeal,Breakfast,3.29,290,5,58,5,4.0,160,2,130,10,10
Big Mac,Beef & Pork,5.99,530,24,47,3,27.0,960,6,2,25,25
Quarter Pounder with Cheese,Beef & Pork,6.49,520,30,41,3,26.0,1100,10,2,30,25
Hamburger,Beef & Pork,2.29,240,12,32,1,8.0,480,2,2,10,15
Cheeseburger,Beef & Pork,2.69,290,15,33,2,11.0,680,6,2,20,15
McDouble,Beef & Pork,3.49,380,22,34,2,17.0,840,6,2,20,20
McChicken,Chicken & Fish,2.99,360,14,40,2,16.0,800,0,2,10,15
Chicken McNuggets (10 piece),Chicken & Fish,5.99,470,22,30,2,30.0,900,0,4,2,6
Filet-O-Fish,Chicken & Fish,5.29,390,15,39,2,19.0,590,2,0,15,10
Medium French Fries,Snacks & Sides,3.99,340,4,44,4,16.0,190,0,45,2,4
Side Salad,Snacks & Sides,2.49,20,1,4,1,0.0,10,45,25,2,4
Apple Slices,Snacks & Sides,1.29,15,0,4,0,0.0,0,0,160,2,0
Fruit 'n Yogurt Parfait,Snacks & Sides,2.49,150,4,30,1,2.0,70,2,15,10,4
Baked Apple Pie,Desserts,1.89,250,2,32,4,13.0,170,4,25,2,6
1% Low Fat Milk Jug,Beverages,1.79,100,8,12,0,2.5,125,10,4,30,0
Minute Maid Orange Juice (Small),Beverages,2.29,150,2,34,0,0.0,0,0,130,2,0
