item,category,price,calories,protein,carbs,fiber,sugar,fat,sat_fat,sodium
Whataburger,Burgers,7.43,590,29,62,4,12,25,8,1220
Double Meat Whataburger,Burgers,9.29,830,47,62,4,12,44,14,1470
Bacon & Cheese Whataburger,Burgers,9.54,750,39,62,4,12,37,13,1910
Avocado Bacon Burger,Burgers,10.78,820,37,51,4,7,52,15,1600
Triple Meat Whataburger,Burgers,11.40,1080,65,62,4,12,63,21,1720
Whataburger Jr.,Burgers,4.95,310,14,37,2,6,11,4,750
Double Meat Whataburger Jr.,Burgers,6.68,420,23,37,2,6,20,6,870
Grilled Chicken Sandwich,Sandwiches,8.42,430,32,45,5,8,13,3,950
Whatachick'n Bites 9 pcs,Entrees,11.15,640,45,45,3,2,31,5,1580
Whatachick'n Bites 6 pcs,Entrees,8.05,450,30,33,2,2,22,4,1190
Whatachick’n Strips 3 piece,Entrees,8.05,530,26,42,2,2,28,5,1370
Taquito with Cheese,Entrees,4.95,350,16,28,1,1,19,8,1000
Biscuit Sandwich,Baked Goods,5.69,290,5,32,1,2,16,8,600
Biscuit and Gravy,Entrees,4.45,470,7,46,1,4,29,13,1530
Honey Butter Chicken Biscuit,Sandwiches,4.95,560,13,51,2,9,33,11,990
Onion Rings (medium),Appetizers & Sides,5.57,300,4,32,4,2,17,3,430
French Fries (medium),Fried Potatoes,3.34,420,5,52,4,1,21,3,260
Garden Salad,Salads,7.68,160,10,10,5,4,10,6,220
Cinnamon Roll,Baked Goods,4.08,430,8,79,3,35,10,4,450
